{
  "h": 1.008,
  "he": 4.003,
  "li": 6.941,
  "be": 9.012,
  "b": 10.811,
  "c": 12.011,
  "n": 14.007,
  "o": 15.999,
  "f": 18.998,
  "ne": 20.180,
  "na": 22.990,
  "mg": 24.305,
  "al": 26.982,
  "si": 28.086,
  "p": 30.974,
  "s": 32.066,
  "cl": 35.453,
  "ar": 39.948,
  "k": 39.098,
  "ca": 40.078,
  "sc": 44.956,
  "ti": 47.867,
  "v": 50.942,
  "cr": 51.996,
  "mn": 54.938,
  "fe": 55.845,
  "co": 58.933,
  "ni": 58.693,
  "cu": 63.546,
  "zn": 65.380,
  "ga": 69.723,
  "ge": 72.631,
  "as": 74.922,
  "se": 78.971,
  "br": 79.904,
  "kr": 83.798,
  "rb": 85.468,
  "sr": 87.620,
  "y": 88.906,
  "zr": 91.224,
  "nb": 92.906,
  "mo": 95.950,
  "tc": 98.907,
  "ru": 101.070,
  "rh": 102.906,
  "pd": 106.420,
  "ag": 107.868,
  "cd": 112.414,
  "in": 114.818,
  "sn": 118.711,
  "sb": 121.760,
  "te": 127.600,
  "i": 126.904,
  "xe": 131.293,
  "cs": 132.905,
  "ba": 137.328,
  "la": 138.905,
  "ce": 140.116,
  "pr": 140.908,
  "nd": 144.243,
  "pm": 144.913,
  "sm": 150.360,
  "eu": 151.964,
  "gd": 157.250,
  "tb": 158.925,
  "dy": 162.500,
  "ho": 164.930,
  "er": 167.259,
  "tm": 168.934,
  "yb": 173.055,
  "lu": 174.967,
  "hf": 178.490,
  "ta": 180.948,
  "w": 183.840,
  "re": 186.207,
  "os": 190.230,
  "ir": 192.217,
  "pt": 195.085,
  "au": 196.967,
  "hg": 200.592,
  "tl": 204.383,
  "pb": 207.200,
  "bi": 208.980,
  "po": 208.982,
  "at": 209.987,
  "rn": 222.018,
  "fr": 223.020,
  "ra": 226.025,
  "ac": 227.028,
  "th": 232.038,
  "pa": 231.036,
  "u": 238.029,
  "np": 237.048,
  "pu": 244.064,
  "am": 243.061,
  "cm": 247.070,
  "bk": 247.070,
  "cf": 251.080,
  "es": 252.000,
  "fm": 257.095,
  "md": 258.100,
  "no": 259.101,
  "lr": 262.000,
  "rf": 267.000,
  "db": 268.000,
  "sg": 269.000,
  "bh": 270.000,
  "hs": 277.000,
  "mt": 278.000,
  "ds": 281.000,
  "rg": 282.000,
  "cn": 285.000,
  "nh": 286.000,
  "fl": 289.000,
  "mc": 289.000,
  "lv": 293.000,
  "ts": 294.000,
  "og": 294.000
}
