{
  "elements": [
    {"symbol": "H", "atomic_mass": 1.008},
    {"symbol": "He", "atomic_mass": 4.0026},
    {"symbol": "Li", "atomic_mass": 6.94},
    {"symbol": "Be", "atomic_mass": 9.0122},
    {"symbol": "B", "atomic_mass": 10.81},
    {"symbol": "C", "atomic_mass": 12.011},
    {"symbol": "N", "atomic_mass": 14.007},
    {"symbol": "O", "atomic_mass": 15.999},
    {"symbol": "F", "atomic_mass": 18.998},
    {"symbol": "Ne", "atomic_mass": 20.180},
    {"symbol": "Na", "atomic_mass": 22.990},
    {"symbol": "Mg", "atomic_mass": 24.305},
    {"symbol": "Al", "atomic_mass": 26.982},
    {"symbol": "Si", "atomic_mass": 28.085},
    {"symbol": "P", "atomic_mass": 30.974},
    {"symbol": "S", "atomic_mass": 32.06},
    {"symbol": "Cl", "atomic_mass": 35.45},
    {"symbol": "Ar", "atomic_mass": 39.948},
    {"symbol": "K", "atomic_mass": 39.098},
    {"symbol": "Ca", "atomic_mass": 40.078},
    {"symbol": "Sc", "atomic_mass": 44.956},
    {"symbol": "Ti", "atomic_mass": 47.867},
    {"symbol": "V", "atomic_mass": 50.942},
    {"symbol": "Cr", "atomic_mass": 51.996},
    {"symbol": "Mn", "atomic_mass": 54.938},
    {"symbol": "Fe", "atomic_mass": 55.845},
    {"symbol": "Co", "atomic_mass": 58.933},
    {"symbol": "Ni", "atomic_mass": 58.693},
    {"symbol": "Cu", "atomic_mass": 63.546},
    {"symbol": "Zn", "atomic_mass": 65.38},
    {"symbol": "Ga", "atomic_mass": 69.723},
    {"symbol": "Ge", "atomic_mass": 72.63},
    {"symbol": "As", "atomic_mass": 74.922},
    {"symbol": "Se", "atomic_mass": 78.971},
    {"symbol": "Br", "atomic_mass": 79.904},
    {"symbol": "Kr", "atomic_mass": 83.798},
    {"symbol": "Rb", "atomic_mass": 85.468},
    {"symbol": "Sr", "atomic_mass": 87.62},
    {"symbol": "Y", "atomic_mass": 88.906},
    {"symbol": "Zr", "atomic_mass": 91.224},
    {"symbol": "Nb", "atomic_mass": 92.906},
    {"symbol": "Mo", "atomic_mass": 95.95},
    {"symbol": "Tc", "atomic_mass": 98.0},
    {"symbol": "Ru", "atomic_mass": 101.07},
    {"symbol": "Rh", "atomic_mass": 102.91},
    {"symbol": "Pd", "atomic_mass": 106.42},
    {"symbol": "Ag", "atomic_mass": 107.87},
    {"symbol": "Cd", "atomic_mass": 112.41},
    {"symbol": "In", "atomic_mass": 114.82},
    {"symbol": "Sn", "atomic_mass": 118.71},
    {"symbol": "Sb", "atomic_mass": 121.76},
    {"symbol": "Te", "atomic_mass": 127.6},
    {"symbol": "I", "atomic_mass": 126.9},
    {"symbol": "Xe", "atomic_mass": 131.29},
    {"symbol": "Cs", "atomic_mass": 132.91},
    {"symbol": "Ba", "atomic_mass": 137.33},
    {"symbol": "La", "atomic_mass": 138.91},
    {"symbol": "Ce", "atomic_mass": 140.12},
    {"symbol": "Pr", "atomic_mass": 140.91},
    {"symbol": "Nd", "atomic_mass": 144.24},
    {"symbol": "Pm", "atomic_mass": 145.0},
    {"symbol": "Sm", "atomic_mass": 150.36},
    {"symbol": "Eu", "atomic_mass": 151.96},
    {"symbol": "Gd", "atomic_mass": 157.25},
    {"symbol": "Tb", "atomic_mass": 158.93},
    {"symbol": "Dy", "atomic_mass": 162.5},
    {"symbol": "Ho", "atomic_mass": 164.93},
    {"symbol": "Er", "atomic_mass": 167.26},
    {"symbol": "Tm", "atomic_mass": 168.93},
    {"symbol": "Yb", "atomic_mass": 173.05},
    {"symbol": "Lu", "atomic_mass": 174.97},
    {"symbol": "Hf", "atomic_mass": 178.49},
    {"symbol": "Ta", "atomic_mass": 180.95},
    {"symbol": "W", "atomic_mass": 183.84},
    {"symbol": "Re", "atomic_mass": 186.21},
    {"symbol": "Os", "atomic_mass": 190.23},
    {"symbol": "Ir", "atomic_mass": 192.22},
    {"symbol": "Pt", "atomic_mass": 195.08},
    {"symbol": "Au", "atomic_mass": 196.97},
    {"symbol": "Hg", "atomic_mass": 200.59},
    {"symbol": "Tl", "atomic_mass": 204.38},
    {"symbol": "Pb", "atomic_mass": 207.2},
    {"symbol": "Bi", "atomic_mass": 208.98},
    {"symbol": "Po", "atomic_mass": 209.0},
    {"symbol": "At", "atomic_mass": 210.0},
    {"symbol": "Rn", "atomic_mass": 222.0},
    {"symbol": "Fr", "atomic_mass": 223.0},
    {"symbol": "Ra", "atomic_mass": 226.0},
    {"symbol": "Ac", "atomic_mass": 227.0},
    {"symbol": "Th", "atomic_mass": 232.04},
    {"symbol": "Pa", "atomic_mass": 231.04},
    {"symbol": "U", "atomic_mass": 238.03},
    {"symbol": "Np", "atomic_mass": 237.0},
    {"symbol": "Pu", "atomic_mass": 244.0},
    {"symbol": "Am", "atomic_mass": 243.0},
    {"symbol": "Cm", "atomic_mass": 247.0},
    {"symbol": "Bk", "atomic_mass": 247.0},
    {"symbol": "Cf", "atomic_mass": 251.0},
    {"symbol": "Es", "atomic_mass": 252.0},
    {"symbol": "Fm", "atomic_mass": 257.0},
    {"symbol": "Md", "atomic_mass": 258.0},
    {"symbol": "No", "atomic_mass": 259.0},
    {"symbol": "Lr", "atomic_mass": 262.0},
    {"symbol": "Rf", "atomic_mass": 267.0},
    {"symbol": "Db", "atomic_mass": 270.0},
    {"symbol": "Sg", "atomic_mass": 271.0},
    {"symbol": "Bh", "atomic_mass": 270.0},
    {"symbol": "Hs", "atomic_mass": 277.0},
    {"symbol": "Mt", "atomic_mass": 276.0},
    {"symbol": "Ds", "atomic_mass": 281.0},
    {"symbol": "Rg", "atomic_mass": 282.0},
    {"symbol": "Cn", "atomic_mass": 285.0},
    {"symbol": "Nh", "atomic_mass": 284.0},
    {"symbol": "Fl", "atomic_mass": 289.0},
    {"symbol": "Mc", "atomic_mass": 288.0},
    {"symbol": "Lv", "atomic_mass": 293.0},
    {"symbol": "Ts", "atomic_mass": 294.0},
    {"symbol": "Og", "atomic_mass": 294.0}
  ]
}
